1,2,3,4,5,6,7,8,9,10,11,12,13,14,15,16,17,18,19,20,21,22,23,24,“ú•t,”N
0,0,0,0,0,0,0,0.521437936,8.864444913,18.25032776,22.42183125,22.42183125,38.42047057,19.81464157,12.51451047,5.735817297,1.564313808,0,0,0,0,0,0,0,1ŒŽ1“ú,2011
0,0,0,0,0,0,0,4.730297819,64.53600309,106.6114848,136.8284632,153.9390525,156.5841502,144.3201419,121.678906,9.125939675,4.213529432,0,0,0,0,0,0,0,1ŒŽ2“ú,2011
0,0,0,0,0,0,0,6.27593343,39.92061826,44.16142257,72.30177947,34.37852555,7.821569041,10.42875872,16.16457602,2.60718968,1.042875872,0,0,0,0,0,0,0,1ŒŽ3“ú,2011
0,0,0,0,0,0,0,3.650065553,11.99307253,35.81217762,70.4880115,61.78079611,30.59435987,47.70251468,27.60547471,16.16457602,4.692941425,0,0,0,0,0,0,0,1ŒŽ4“ú,2011
0,0,0,0,0,0,0,2.60718968,7.300131105,6.257255233,14.60026221,13.0359484,6.257255233,5.214379361,4.692941425,3.128627616,0.521437936,0,0,0,0,0,0,0,1ŒŽ5“ú,2011
0,0,0,0,0,0,0,3.650065553,29.45312562,67.27475026,93.50682799,67.3521438,47.62426367,27.63621061,39.71702798,18.77643525,5.735817297,0,0,0,0,0,0,0,1ŒŽ6“ú,2011
0,0,0,0,0,0,0,5.247066206,59.6541729,101.4553667,132.0487856,149.3673724,151.7609537,140.4752491,114.9678733,11.70044251,5.251735755,0,0,0,0,0,0,0,1ŒŽ7“ú,2011
0,0,0,0,0,0,0,0.521437936,4.692941425,3.650065553,6.257255233,5.735817297,6.778693169,5.735817297,4.171503489,2.60718968,2.085751744,0,0,0,0,0,0,0,1ŒŽ8“ú,2011
0,0,0,0,0,0,0,2.085751744,8.864444913,19.29320364,25.02902093,55.74842367,39.97070612,65.41286221,30.18997225,17.20745189,3.128627616,0,0,0,0,0,0,0,1ŒŽ9“ú,2011
0,0,0,0,0,0,0,2.60718968,15.12170015,19.29320364,27.63621061,54.1572885,59.50046879,59.45324783,21.37895538,16.68601395,6.257255233,0,0,0,0,0,0,0,1ŒŽ10“ú,2011
0,0,0,0,0,0,0,3.650065553,16.5812151,31.1396874,32.66765594,54.36420796,35.27333561,44.69305031,28.61578784,11.99307253,4.692941425,0,0,0,0,0,0,0,1ŒŽ11“ú,2011
0,0,0,0,0,0,0,4.692941425,38.2147574,48.86577601,90.34310316,75.80630724,82.66759392,58.64292878,36.4067791,19.98274535,8.873784012,0,0,0,0,0,0,0,1ŒŽ12“ú,2011
0,0,0,0,0,0,0,6.783362718,54.02442971,122.2508507,136.8931118,153.6339213,155.7870239,144.1820379,118.0943836,12.79468342,6.792701817,0.521437936,0,0,0,0,0,0,1ŒŽ13“ú,2011
0,0,0,0,0,0,0,8.357015625,25.36079061,51.8213295,45.50756925,140.5671945,51.04737305,50.1410947,21.90039332,8.864444913,2.60718968,0,0,0,0,0,0,0,1ŒŽ14“ú,2011
0,0,0,0,0,0,0,2.085751744,4.171503489,4.692941425,8.864444913,15.12170015,14.07882427,35.81598577,12.51451047,7.300131105,1.564313808,0,0,0,0,0,0,0,1ŒŽ15“ú,2011
0,0,0,0,0,0,0,4.171503489,25.57255417,39.87314795,28.15764855,22.94326919,28.15764855,28.15764855,14.07882427,8.864444913,2.60718968,0,0,0,0,0,0,0,1ŒŽ16“ú,2011
0,0,0,0,0,0,0,3.650065553,30.45427962,103.3928357,58.06656812,62.48129856,65.63810789,47.11097324,57.54932566,55.54798629,6.778693169,0,0,0,0,0,0,0,1ŒŽ17“ú,2011
0,0,0,0,0,0,0,1.042875872,3.128627616,7.821569041,20.33607951,38.89840808,28.67908648,49.02170385,22.54266312,21.79572167,6.792701817,0,0,0,0,0,0,0,1ŒŽ18“ú,2011
0,0,0,0,0,0,0,6.778693169,52.05427014,80.43950236,143.3420062,103.5274012,70.07395239,43.44705884,33.7878595,28.40705855,8.399041569,0.521437936,0,0,0,0,0,0,1ŒŽ19“ú,2011
0,0,0,0,0,0,0,3.128627616,11.47163459,61.4170263,55.46233548,36.28606661,22.42183125,8.343006977,10.95019666,10.95019666,2.60718968,0,0,0,0,0,0,0,1ŒŽ20“ú,2011
0,0,0,0,0,0,0,6.266594332,44.28950989,49.49709624,86.20582589,57.66291312,103.6185409,116.3483803,32.21256179,30.10965597,8.343006977,0,0,0,0,0,0,0,1ŒŽ21“ú,2011
0,0,0,0,0,0,0,6.257255233,26.39481314,35.62155267,28.67908648,42.01652763,47.02365179,44.98993684,32.72848263,16.68601395,5.214379361,0,0,0,0,0,0,0,1ŒŽ22“ú,2011
0,0,0,0,0,0,0,1.564313808,7.821569041,26.41105891,18.7717657,26.59333474,50.76464652,39.95949462,20.33607951,8.864444913,5.735817297,0.521437936,0,0,0,0,0,0,1ŒŽ23“ú,2011
0,0,0,0,0,0,0,3.128627616,15.31452764,15.64313808,20.33607951,14.60026221,11.47163459,8.864444913,8.343006977,13.0359484,3.650065553,0,0,0,0,0,0,0,1ŒŽ24“ú,2011
0,0,0,0,0,0,0,4.692941425,19.81464157,28.48973371,54.76078784,49.30829615,27.63621061,11.99307253,11.47163459,9.907320786,2.085751744,0,0,0,0,0,0,0,1ŒŽ25“ú,2011
0,0,0,0,0,0,0,4.176173038,30.0437582,51.25690004,32.62854036,88.37505013,47.95719186,41.51271162,38.38675645,42.45684362,11.47163459,0.521437936,0,0,0,0,0,0,1ŒŽ26“ú,2011
0,0,0,0,0,0,0,10.95486621,42.0611044,87.85513688,114.4969265,142.582218,133.2126423,80.22979126,67.17226012,29.25781817,7.300131105,0.521437936,0,0,0,0,0,0,1ŒŽ27“ú,2011
0,0,0,0,0,0,0,4.171503489,46.52385172,107.9539828,133.9046482,116.3301385,113.9586152,27.63621061,37.38829911,7.300131105,1.564313808,0.521437936,0,0,0,0,0,0,1ŒŽ28“ú,2011
0,0,0,0,0,0,0,1.042875872,3.650065553,8.864444913,7.300131105,24.507583,23.46470712,130.9448411,48.29017743,22.40693956,3.128627616,0.521437936,0,0,0,0,0,0,1ŒŽ29“ú,2011
0,0,0,0,0,0,0,2.085751744,6.778693169,19.29320364,18.25032776,35.73629849,89.45878836,61.35502695,38.84421833,16.16457602,5.735817297,0.521437936,0,0,0,0,0,0,1ŒŽ30“ú,2011
0,0,0,0,0,0,0,3.128627616,19.29320364,38.04898424,70.66424716,77.28215259,46.16671359,45.60247709,89.06024876,32.65392566,15.13570879,1.042875872,0,0,0,0,0,0,1ŒŽ31“ú,2011
0,0,0,0,0,0,0,5.735817297,18.7717657,31.07064077,34.17406453,47.7940721,38.86340449,45.05830083,33.52978834,28.92530685,12.51918002,0.521437936,0,0,0,0,0,0,2ŒŽ1“ú,2016
0,0,0,0,0,0,0,8.343006977,24.86966614,43.36173956,54.2628629,72.51488553,106.9754327,66.96306659,94.98707446,84.75201993,12.06778532,1.042875872,0,0,0,0,0,0,2ŒŽ2“ú,2016
0,0,0,0,0,0,0,1.564313808,9.385882849,23.98614506,17.20745189,11.47163459,11.47163459,11.47163459,13.0359484,7.300131105,4.692941425,0,0,0,0,0,0,0,2ŒŽ3“ú,2016
0,0,0,0,0,0,0,3.650065553,21.72955297,41.91519558,53.51855719,53.71340415,25.55045887,42.52159727,8.864444913,23.17813479,12.00241163,1.042875872,0,0,0,0,0,0,2ŒŽ4“ú,2016
0,0,0,0,0,0,0,5.735817297,14.07882427,30.01210183,44.63125461,33.89346585,60.51461327,55.15607421,29.00218903,21.37895538,11.47163459,1.564313808,0,0,0,0,0,0,2ŒŽ5“ú,2016
0,0,0,0,0,0,0,18.61593178,62.97188333,114.1228117,140.0322831,163.102708,166.6478676,133.3828701,117.9632838,77.2897685,14.60960131,1.564313808,0,0,0,0,0,0,2ŒŽ6“ú,2016
0,0,0,0,0,0,0,2.60718968,3.650065553,10.95019666,34.9384111,73.86015253,32.85058997,38.14349597,26.59333474,41.74883438,6.257255233,1.042875872,0,0,0,0,0,0,2ŒŽ7“ú,2016
0,0,0,0,0,0,0,2.60718968,10.95019666,14.60026221,73.95005955,28.60184758,23.98614506,48.24234476,73.79029919,39.07051871,8.864444913,1.042875872,0,0,0,0,0,0,2ŒŽ8“ú,2016
0,0,0,0,0,0,0,10.95019666,30.48800351,96.67650749,144.0252324,163.3528642,114.5821306,88.32449405,60.29889977,34.97268956,11.47163459,1.564313808,0,0,0,0,0,0,2ŒŽ9“ú,2016
0,0,0,0,0,0,0,20.65483789,57.3960005,113.2662484,121.7801311,169.3451948,158.6420395,71.72955048,17.20745189,10.95019666,8.343006977,1.564313808,0,0,0,0,0,0,2ŒŽ10“ú,2016
0,0,0,0,0,0,0,9.385882849,38.24035557,65.57140135,74.68548625,76.98381467,80.87133368,108.3453042,123.0998391,55.42918414,17.21212144,2.085751744,0,0,0,0,0,0,2ŒŽ11“ú,2016
0,0,0,0,0,0,0.521437936,19.43758623,68.52539541,113.624807,152.1321725,172.2655047,141.467046,127.0781857,69.75650018,76.89233819,19.30254273,2.085751744,0,0,0,0,0,0,2ŒŽ12“ú,2016
0,0,0,0,0,0,0,14.49870827,22.05446782,42.46889672,114.749521,117.6266097,41.29937649,36.75217774,29.20052442,10.42875872,3.128627616,0.521437936,0,0,0,0,0,0,2ŒŽ13“ú,2016
0,0,0,0,0,0,0,2.60718968,5.214379361,18.7717657,31.28627616,91.39509963,55.59143618,49.18594969,33.47306755,34.31884181,17.78959397,2.085751744,0,0,0,0,0,0,2ŒŽ14“ú,2016
0,0,0,0,0,0,0.521437936,20.1357315,61.39118472,108.6337557,133.226809,112.3284783,104.0350696,66.15670663,44.8676892,25.37600439,9.385882849,1.042875872,0,0,0,0,0,0,2ŒŽ15“ú,2016
0,0,0,0,0,0,0,2.085751744,8.343006977,15.64313808,31.63288235,40.17202082,41.75453155,28.15764855,15.12170015,7.300131105,4.692941425,1.564313808,0,0,0,0,0,0,2ŒŽ16“ú,2016
0,0,0,0,0,0,0.521437936,9.385882849,28.4678801,111.9306193,148.4161201,147.1961917,95.49440661,59.2545645,53.45491291,67.87518204,18.78577435,2.60718968,0,0,0,0,0,0,2ŒŽ17“ú,2016
0,0,0,0,0,0,0.521437936,8.864444913,30.28789168,41.67189886,31.28627616,33.37202791,82.51754322,74.57373949,46.11470922,21.90039332,13.55738634,3.128627616,0,0,0,0,0,0,2ŒŽ18“ú,2016
0,0,0,0,0,0,0,5.735817297,32.87377375,24.507583,60.08794829,59.09786267,50.77336185,47.49620685,59.80221176,23.98614506,13.55738634,3.650065553,0,0,0,0,0,0,2ŒŽ19“ú,2016
0,0,0,0,0,0,0,16.50866868,63.37626809,107.0500619,151.1099893,154.9860832,42.10096485,51.34814254,29.72196236,23.46470712,16.16924557,3.128627616,0,0,0,0,0,0,2ŒŽ20“ú,2016
0,0,0,0,0,0,1.042875872,21.29821658,14.60026221,19.29320364,25.02902093,56.52679418,62.19584841,96.0631594,60.62654207,49.57671459,15.66648583,1.042875872,0,0,0,0,0,0,2ŒŽ21“ú,2016
0,0,0,0,0,0,1.042875872,7.300131105,28.38885994,66.98457424,62.01207388,71.74918706,67.07502435,50.27754237,52.26183819,50.56733949,9.907320786,4.171503489,0,0,0,0,0,0,2ŒŽ22“ú,2016
0,0,0,0,0,0,0.521437936,10.95019666,46.9662752,77.22531627,146.0095247,111.2333638,64.96205103,156.6626341,121.1250013,76.09371596,20.35008816,4.171503489,0,0,0,0,0,0,2ŒŽ23“ú,2016
0,0,0,0,0,0,1.042875872,7.300131105,8.343006977,9.907320786,21.37895538,31.48895503,30.44795806,30.97750541,27.63621061,37.02535082,15.14504789,1.042875872,0,0,0,0,0,0,2ŒŽ24“ú,2016
0,0,0,0,0,0,1.042875872,9.907320786,28.91489857,43.51481443,26.0718968,38.29864713,83.22003183,76.56645092,28.15764855,16.20730723,16.17391512,3.128627616,0,0,0,0,0,0,2ŒŽ25“ú,2016
0,0,0,0,0,0,1.564313808,10.95019666,51.13808639,121.6094055,153.4136037,129.8405226,147.43872,160.5546158,131.6197408,91.86691138,14.25626715,4.702280523,0,0,0,0,0,0,2ŒŽ26“ú,2016
0,0,0,0,0,0,1.564313808,19.6469925,60.14467687,42.95036014,55.1449553,55.66048732,66.94077521,34.93634172,49.5031242,50.26622799,17.73355938,4.171503489,0,0,0,0,0,0,2ŒŽ27“ú,2016
0,0,0,0,0,0,0.521437936,3.650065553,6.257255233,6.257255233,15.12170015,39.82047561,36.69340713,32.52849058,62.59879333,9.385882849,18.79511345,1.042875872,0,0,0,0,0,0,2ŒŽ28“ú,2016
0,0,0,0,0,0,1.564313808,32.35817399,48.09337436,90.2930153,139.146926,132.1777554,153.5245043,170.8722969,143.9853489,105.2280433,16.38404484,5.228388009,0,0,0,0,0,0,3ŒŽ1“ú,2011
0,0,0,0,0,0,1.042875872,34.2854177,68.05692792,125.8464733,65.82902336,46.07211498,75.39257088,21.37895538,38.27125733,71.55468412,19.93604985,4.171503489,0,0,0,0,0,0,3ŒŽ2“ú,2011
0,0,0,0,0,0,2.085751744,19.0188431,25.02902093,95.74279415,130.5511836,155.8019387,157.244407,126.9972566,89.71226448,73.04173767,20.47616599,5.223718459,0,0,0,0,0,0,3ŒŽ3“ú,2011
0,0,0,0,0,0,0.521437936,4.171503489,18.7717657,14.60026221,13.0359484,19.29320364,20.85751744,23.98614506,14.07882427,8.864444913,3.128627616,0.521437936,0,0,0,0,0,0,3ŒŽ4“ú,2011
0,0,0,0,0,0,1.564313808,14.60026221,29.92054607,63.53312251,139.2291229,148.604319,169.6961101,162.5852641,124.5379172,89.45383719,16.87746548,5.228388009,0,0,0,0,0,0,3ŒŽ5“ú,2011
0,0,0,0,0,0,2.085751744,24.43612007,84.75760838,126.316096,160.9286963,186.1574673,187.274951,166.2037383,138.0229122,63.51836107,15.12170015,1.564313808,0,0,0,0,0,0,3ŒŽ6“ú,2011
0,0,0,0,0,0,0,2.085751744,3.650065553,13.0359484,15.64313808,41.88697182,47.79173774,18.25032776,9.907320786,19.29320364,9.385882849,1.042875872,0,0,0,0,0,0,3ŒŽ7“ú,2011
0,0,0,0,0,0,3.128627616,17.72888983,30.95060298,13.55738634,14.60026221,26.0718968,22.42183125,22.94326919,25.02902093,24.507583,24.28987349,3.650065553,0,0,0,0,0,0,3ŒŽ8“ú,2011
0,0,0,0,0,0,1.564313808,11.47163459,18.25032776,33.02284965,51.26894494,49.70325157,47.61838688,31.97877121,65.43635542,61.8306478,45.39689972,4.692941425,0,0,0,0,0,0,3ŒŽ9“ú,2011
0,0,0,0,0,0,5.214379361,41.79779772,98.08024041,139.5332131,130.3671051,114.2004765,100.6715888,133.7290965,69.36434692,57.13761415,42.72939148,5.759165043,0,0,0,0,0,0,3ŒŽ10“ú,2011
0,0,0,0,0,0,2.60718968,13.55738634,27.80977471,38.75240737,53.34923796,62.21257055,67.9491294,54.91608057,46.57956911,29.38720406,10.95019666,2.085751744,0,0,0,0,0,0,3ŒŽ11“ú,2011
0,0,0,0,0,0,3.650065553,35.85797386,85.40956604,130.9113571,163.7476445,159.6568687,180.8536089,175.328649,148.9527859,107.4853167,52.88833495,6.797371366,0,0,0,0,0,0,3ŒŽ12“ú,2011
0,0,0,0,0,0,1.042875872,5.214379361,14.07882427,34.57480233,23.98614506,19.29320364,42.97071403,87.64261321,84.9549065,78.86412623,43.36263743,7.314139753,0,0,0,0,0,0,3ŒŽ13“ú,2011
0,0,0,0,0,0,5.233057558,47.63197863,80.16762064,85.69175013,55.06017607,26.0718968,74.14026216,73.36583707,109.0542248,101.6014904,42.86740975,6.271263881,0,0,0,0,0,0,3ŒŽ14“ú,2011
0,0,0,0,0,0,5.745156396,42.56031441,90.75234489,125.6277001,156.3931584,174.2917525,164.1163242,163.058555,140.6245008,87.32336227,29.19095898,6.778693169,0,0,0,0,0,0,3ŒŽ15“ú,2011
0,0,0,0,0,0,0.521437936,3.128627616,3.650065553,10.95019666,21.37895538,26.59333474,17.20745189,14.60026221,9.907320786,3.128627616,5.214379361,0.521437936,0,0,0,0,0,0,3ŒŽ16“ú,2011
0,0,0,0,0,0,1.564313808,16.68601395,28.77534129,97.90774851,87.75582998,94.25753889,142.2838065,88.31146659,108.4203561,66.57626629,38.07637614,4.171503489,0,0,0,0,0,0,3ŒŽ17“ú,2011
0,0,0,0,0,0,9.188107452,48.71856456,95.17974698,137.277086,167.544645,184.3527974,186.2591419,173.7071135,147.7368886,104.6512128,56.85244796,7.849586337,0,0,0,0,0,0,3ŒŽ18“ú,2011
0,0,0,0,0,0,4.171503489,15.12170015,32.99452789,46.02907304,43.421237,21.90039332,16.68601395,16.16457602,15.64313808,5.214379361,3.128627616,1.564313808,0,0,0,0,0,0,3ŒŽ19“ú,2011
0,0,0,0,0,0,1.042875872,9.907320786,23.98614506,54.82631486,111.2592507,151.1824907,74.39542709,122.1793738,77.59457122,46.83090211,47.38824895,10.44276737,0,0,0,0,0,0,3ŒŽ20“ú,2011
0,0,0,0,0,0,10.5982223,57.14976413,103.8408034,146.5761335,171.2876047,152.4991048,178.2292832,149.7335634,97.31175271,100.2696479,46.51555321,7.821569041,0,0,0,0,0,0,3ŒŽ21“ú,2011
0,0,0,0,0,0,6.907633806,37.85572308,74.24020468,82.16063077,126.3097295,174.0821536,132.1983218,128.1241648,95.50298617,112.458028,56.52997544,10.45210647,0,0,0,0,0,0,3ŒŽ22“ú,2011
0,0,0,0,0,0,11.71195754,49.18187147,79.79760924,117.2186324,146.5679517,149.3922574,97.66400442,51.23270062,28.67908648,15.12170015,5.735817297,0,0,0,0,0,0,0,3ŒŽ23“ú,2011
0,0,0,0,0,0,1.564313808,4.692941425,28.15764855,19.29320364,38.06496933,37.02209346,43.80078663,82.73742336,63.144092,65.57241708,21.31078022,1.042875872,0,0,0,0,0,0,3ŒŽ24“ú,2011
0,0,0,0,0,0,2.60718968,23.8977568,24.507583,43.12229089,91.1185093,62.28728414,129.7137499,72.74041585,53.9405532,24.5848262,25.45723707,3.650065553,0,0,0,0,0,0,3ŒŽ25“ú,2011
0,0,0,0,0,0,5.214379361,7.821569041,18.25032776,23.98614506,48.09759126,162.5893814,168.8943168,158.3346127,90.85804926,28.21371096,26.95322487,7.300131105,0,0,0,0,0,0,3ŒŽ26“ú,2011
0,0,0,0,0,0,15.40181117,55.2277546,94.68176847,132.7505077,163.5574201,181.0649102,178.7863017,158.9188822,113.8737329,89.35437682,53.90394469,9.94467718,0,0,0,0,0,0,3ŒŽ27“ú,2011
0,0,0,0,0,0,12.07523524,16.68601395,41.94554089,51.86044667,79.34120316,61.77237292,36.50065553,29.20052442,32.32915204,15.64313808,7.300131105,2.60718968,0,0,0,0,0,0,3ŒŽ28“ú,2011
0,0,0,0,0,0,0,2.60718968,5.214379361,21.37895538,11.47163459,12.51451047,13.0359484,12.51451047,4.171503489,2.60718968,1.042875872,0.521437936,0,0,0,0,0,0,3ŒŽ29“ú,2011
0,0,0,0,0,0,1.564313808,11.99307253,40.78164068,89.4787989,95.84843817,90.08270378,192.3211131,178.1266289,140.8778913,78.8290559,58.29413091,9.954016279,0.521437936,0,0,0,0,0,3ŒŽ30“ú,2011
0,0,0,0,0,0,15.6907954,56.44362021,90.88521916,93.26691441,146.210263,172.9922718,182.651857,90.99447636,40.25734416,28.15764855,33.68615652,8.864444913,0,0,0,0,0,0,3ŒŽ31“ú,2011
0,0,0,0,0,0.521437936,18.99720452,65.3745187,112.1606319,135.5111211,152.1752517,199.4944919,197.7274653,182.3497337,151.5347,110.4929453,62.79521075,11.0109008,0.521437936,0,0,0,0,0,4ŒŽ1“ú,2018
0,0,0,0,0,0.521437936,17.67463808,61.70291542,84.98082446,135.6955977,162.7981456,155.2277955,183.1110704,121.4228018,51.30284387,25.02902093,16.16457602,6.257255233,0,0,0,0,0,0,4ŒŽ2“ú,2018
0,0,0,0,0,0.521437936,6.257255233,20.85751744,5.735817297,9.907320786,47.03742571,80.78928512,45.99447755,95.2398233,37.02209346,33.45593985,22.42183125,10.96887485,0.521437936,0,0,0,0,0,4ŒŽ3“ú,2018
0,0,0,0,0,0.521437936,19.7910112,62.28551839,107.4677289,145.5142914,156.8235656,180.3248274,153.8502791,158.9090755,103.1543852,83.99291882,50.64194666,11.50899099,0.521437936,0,0,0,0,0,4ŒŽ4“ú,2018
0,0,0,0,0,1.042875872,21.44272578,62.58494294,105.6214536,142.4237059,153.8703326,162.5980629,163.8547286,142.6119222,98.35785995,51.85223298,32.39309719,15.1263697,0.521437936,0,0,0,0,0,4ŒŽ5“ú,2018
0,0,0,0,0,1.042875872,21.85677385,62.88956015,105.8248092,142.5625446,170.1137491,181.7859402,181.6163261,167.4054081,138.7324234,101.3553016,56.3791454,12.05844622,0.521437936,0,0,0,0,0,4ŒŽ6“ú,2018
0,0,0,0,0,1.042875872,9.907320786,19.29320364,36.58900513,45.98281214,53.28667686,88.7133146,32.85058997,8.343006977,7.300131105,4.692941425,2.60718968,1.042875872,0,0,0,0,0,0,4ŒŽ7“ú,2018
0,0,0,0,0,0,4.171503489,14.60026221,26.59333474,26.0718968,64.59614008,62.24945497,51.72020441,40.15072108,92.29279526,100.0907981,61.14083206,11.04825719,0.521437936,0,0,0,0,0,4ŒŽ8“ú,2018
0,0,0,0,0,1.564313808,24.82572638,60.11479145,103.2761722,137.7356979,153.444843,117.6475009,125.1036817,91.21525931,67.07319005,43.92629281,16.16457602,5.735817297,0,0,0,0,0,0,4ŒŽ9“ú,2018
0,0,0,0,0,0.521437936,2.085751744,5.214379361,6.778693169,11.99307253,27.11477268,30.76483823,40.67215901,30.24340029,26.0718968,6.257255233,4.171503489,1.042875872,0,0,0,0,0,0,4ŒŽ10“ú,2018
0,0,0,0,0,0,7.821569041,57.92656394,47.48140905,47.63392928,44.41464012,27.11477268,24.507583,15.12170015,7.300131105,4.692941425,4.171503489,3.128627616,0,0,0,0,0,0,4ŒŽ11“ú,2018
0,0,0,0,0,1.564313808,19.30012416,45.28881296,83.21170836,89.74885711,140.0492358,169.0917231,139.4703584,124.6274068,120.0323837,70.62197905,19.29320364,6.257255233,0.521437936,0,0,0,0,0,4ŒŽ12“ú,2018
0,0,0,0,0,0.521437936,7.821569041,28.21175075,51.77106596,87.19863871,128.6190978,102.3294295,88.56479036,47.01258075,18.7717657,27.11477268,14.60026221,3.128627616,0,0,0,0,0,0,4ŒŽ13“ú,2018
0,0,0,0,0,0,5.735817297,18.7717657,14.07882427,31.28627616,48.05927623,61.61795567,80.73182171,61.69197878,31.8077141,26.59333474,19.81464157,7.821569041,1.042875872,0,0,0,0,0,4ŒŽ14“ú,2018
0,0,0,0,0,0.521437936,10.95019666,31.85648458,106.9215509,142.4929647,169.189584,180.073452,179.1316647,166.2304709,136.2604786,96.18344659,51.23064191,15.15438699,1.042875872,0,0,0,0,0,4ŒŽ15“ú,2018
0,0,0,0,0,2.085751744,15.12170015,32.37534325,49.15095299,54.3864949,56.92022532,73.77725371,68.47426286,71.66860399,34.93634172,36.54130937,29.17710018,8.343006977,0.521437936,0,0,0,0,0,4ŒŽ16“ú,2018
0,0,0,0,0,0,3.128627616,15.64313808,20.85751744,25.55045887,28.15764855,27.11477268,20.33607951,24.507583,13.55738634,11.99307253,6.257255233,3.650065553,0,0,0,0,0,0,4ŒŽ17“ú,2018
0,0,0,0,0,0.521437936,9.385882849,6.257255233,12.51451047,15.64313808,13.0359484,20.85751744,26.0718968,27.63621061,17.20745189,27.11477268,11.47163459,5.214379361,0,0,0,0,0,0,4ŒŽ18“ú,2018
0,0,0,0,0,0.521437936,13.0359484,36.57821647,123.8847742,160.1472185,184.8248648,197.5638211,196.4068541,164.4919947,124.5084355,69.86341781,48.36851214,17.80360262,1.042875872,0,0,0,0,0,4ŒŽ19“ú,2018
0,0,0,0,0,2.61185923,22.73004101,77.80649332,129.8729082,118.2424172,143.4833923,193.0123758,192.4501498,172.6558751,146.2836305,104.7601569,57.69623138,13.12933939,2.085751744,0,0,0,0,0,4ŒŽ20“ú,2018
0,0,0,0,0,2.60718968,17.706645,41.26179237,110.3608243,146.6418867,171.1853435,186.4621508,184.1222765,167.3135985,138.047922,96.41376076,53.86838496,14.6656359,1.564313808,0,0,0,0,0,4ŒŽ21“ú,2018
0,0,0,0,0,3.654735102,32.54620358,73.74838747,121.8065675,155.5015314,177.6687534,189.7998262,186.1697159,171.8125905,143.0411709,102.8390973,58.54235435,14.68898365,2.085751744,0,0,0,0,0,4ŒŽ22“ú,2018
0,0,0,0,0,3.650065553,28.64595373,72.94044943,112.4344533,142.0835161,168.4098205,84.74633401,115.5729583,165.2225796,68.78960204,18.25032776,11.99307253,5.735817297,0,0,0,0,0,0,4ŒŽ23“ú,2018
0,0,0,0,0,0.521437936,3.128627616,6.778693169,8.343006977,7.300131105,10.95019666,20.85751744,17.72888983,16.16457602,9.385882849,8.343006977,7.821569041,4.171503489,0.521437936,0,0,0,0,0,4ŒŽ24“ú,2018
0,0,0,0,0,6.261924782,32.45028198,80.97371328,68.50944386,136.6858968,128.9596514,118.6632201,154.3234004,169.8924369,128.6419023,66.62726462,41.01977136,20.34074906,3.128627616,0,0,0,0,0,4ŒŽ25“ú,2018
0,0,0,0,0,4.702280523,35.64097821,78.49800142,121.0848133,154.0806801,172.8688831,186.2650326,97.54007432,86.19766222,55.03261228,41.72877084,52.57769625,17.28683423,1.564313808,0,0,0,0,0,4ŒŽ26“ú,2018
0,0,0,0,0,1.042875872,12.51451047,45.09773023,63.79264877,83.31900339,108.8281384,90.43844024,194.1783004,172.0761268,138.6929993,98.93763955,52.50717667,16.7467181,2.085751744,0,0,0,0,0,4ŒŽ27“ú,2018
0,0,0,0,0,5.214379361,23.42449568,48.60874812,82.35740255,142.3020819,134.0677225,177.9604167,187.3453152,171.1147257,144.7252236,106.1493702,59.77603333,14.71700094,2.090421294,0,0,0,0,0,4ŒŽ28“ú,2018
0,0,0,0,0,5.740486846,31.22360147,75.07151171,117.8148534,150.0050832,176.2106896,187.0092328,185.802214,170.1089922,144.3532407,103.6753659,57.56350102,16.24862791,2.60718968,0,0,0,0,0,4ŒŽ29“ú,2018
0,0,0,0,0,0,2.60718968,4.171503489,4.692941425,15.12170015,17.72888983,20.85751744,15.64313808,9.385882849,8.864444913,5.214379361,5.735817297,5.214379361,0.521437936,0,0,0,0,0,4ŒŽ30“ú,2018
0,0,0,0,0,6.257255233,22.47353215,68.10995967,61.01248508,135.6523196,155.8608042,192.7255614,188.4990865,166.3164278,142.4137207,99.89125302,56.94107548,15.23843888,3.654735102,0,0,0,0,0,5ŒŽ1“ú,2014
0,0,0,0,0,1.564313808,19.24408284,64.76109998,102.3430365,156.1267959,130.1500889,151.7236235,147.5489694,31.28627616,16.68601395,6.778693169,3.650065553,2.60718968,1.564313808,0,0,0,0,0,5ŒŽ2“ú,2014
0,0,0,0,0,5.214379361,21.74674007,46.9879327,101.5946686,135.2637678,148.9791429,189.6371006,184.2033601,119.8489893,115.2855615,74.46903475,21.37895538,3.650065553,0,0,0,0,0,0,5ŒŽ3“ú,2014
0,0,0,0,0,6.257255233,29.80604338,69.34870867,112.3646164,159.5311188,182.1057214,189.2998713,178.9785701,142.7127049,124.159532,100.6322544,49.55172248,16.72337035,3.128627616,0,0,0,0,0,5ŒŽ4“ú,2014
0,0,0,0,0,9.138194821,29.30383759,58.65102022,102.756079,154.6270426,182.3593142,193.6509742,187.6687935,167.3110203,134.2424376,94.24274264,57.98865424,16.28131475,4.697610974,0,0,0,0,0,5ŒŽ5“ú,2014
0,0,0,0,0,7.300131105,24.8001194,82.89690967,100.9664065,149.6115877,123.9910775,178.2812387,159.2508231,168.5022881,137.3572492,91.50053484,54.03012707,16.2859843,4.171503489,0,0,0,0,0,5ŒŽ6“ú,2014
0,0,0,0,0,4.692941425,15.12170015,29.72485012,40.18190957,43.32500356,58.97507376,39.62928314,44.32222457,33.37202791,31.28627616,18.25032776,5.735817297,4.692941425,1.564313808,0,0,0,0,0,5ŒŽ7“ú,2014
0,0,0,0,0,1.564313808,14.60026221,20.85751744,26.0718968,16.16457602,44.8436625,90.27115919,67.88686525,51.66348307,13.0359484,9.907320786,5.735817297,4.692941425,0.521437936,0,0,0,0,0,5ŒŽ8“ú,2014
0,0,0,0,0,5.214379361,13.0359484,24.507583,46.43636674,19.81464157,8.343006977,17.20745189,14.60026221,21.37895538,16.16457602,19.29320364,10.95019666,4.692941425,1.042875872,0,0,0,0,0,5ŒŽ9“ú,2014
0,0,0,0,0,6.257255233,30.24778778,60.95321706,57.43927427,90.52971475,164.9981535,201.9797363,196.1540652,178.6960203,147.7485222,103.6552922,59.98476848,18.3670665,5.214379361,0,0,0,0,0,5ŒŽ10“ú,2014
0,0,0,0,0,7.825677539,31.77882368,82.013803,124.3777188,158.0834631,183.9088976,193.445223,188.5912662,169.9988438,139.2641904,98.49816415,56.3063331,19.38659462,5.740486846,0,0,0,0,0,5ŒŽ11“ú,2014
0,0,0,0,0,8.604084499,31.73767139,77.23657661,121.374684,150.9348901,177.8925756,185.0198176,184.7989584,166.848741,119.5949126,87.14125696,50.79948722,21.90506286,5.214379361,0,0,0,0,0,5ŒŽ12“ú,2014
0,0,0,0,0,4.692941425,12.51451047,22.42183125,31.8077141,62.1278379,158.0889411,159.709798,46.92941425,80.44095077,48.51013433,34.91644257,18.25032776,14.07882427,2.60718968,0,0,0,0,0,5ŒŽ13“ú,2014
0,0,0,0,0,2.60718968,2.60718968,6.778693169,9.385882849,14.07882427,14.60026221,29.72196236,33.89346585,50.09175862,43.81589094,46.77949822,51.39743157,17.74289847,5.214379361,0,0,0,0,0,5ŒŽ14“ú,2014
0,0,0,0,0,10.16621646,36.61469887,77.43236704,112.4417109,103.9567594,165.2797402,162.6268001,98.99714251,98.16056938,14.07882427,8.343006977,3.128627616,1.042875872,0,0,0,0,0,0,5ŒŽ15“ú,2014
0,0,0,0,0,1.564313808,9.385882849,24.507583,54.78994242,57.15224102,20.85751744,39.62928314,22.42183125,36.50065553,37.5435314,16.68601395,6.257255233,3.128627616,0.521437936,0,0,0,0,0,5ŒŽ16“ú,2014
0,0,0,0,0,3.650065553,27.61313302,49.90307101,85.72708147,103.301282,159.2854853,92.25048791,79.90002368,41.19359695,31.8077141,34.91067088,24.507583,9.907320786,2.085751744,0,0,0,0,0,5ŒŽ17“ú,2014
0,0,0,0,0,2.60718968,11.47163459,10.42875872,18.25032776,18.7717657,33.89346585,32.32915204,33.37202791,22.94326919,19.29320364,23.46470712,14.07882427,11.99307253,4.692941425,0,0,0,0,0,5ŒŽ18“ú,2014
0,0,0,0,0,3.650065553,10.95019666,29.70746021,67.4101772,115.8382995,148.8628686,182.5800048,181.1885725,124.3886121,116.7929779,78.2128943,54.32298577,25.60182391,7.826238591,0,0,0,0,0,5ŒŽ19“ú,2014
0,0,0,0,0,10.42875872,30.60370962,56.77374798,70.45410754,72.57288774,111.0339359,132.539131,149.3800757,130.3807066,106.5376644,83.39298214,49.8290945,20.382775,6.778693169,0,0,0,0,0,5ŒŽ20“ú,2014
0,0,0,0,0,9.625912546,26.35417858,70.77117508,107.031721,138.5675863,162.1807056,176.2007853,174.8987789,158.3341899,128.890213,91.77456542,54.23338594,19.91737166,8.347676527,0,0,0,0,0,5ŒŽ21“ú,2014
0,0,0,0,0,9.385882849,19.81464157,57.74784532,95.97411028,103.5157784,146.1877266,165.8140979,133.8292337,150.7247854,122.8649313,61.03400219,41.02239384,15.57230441,5.214379361,0,0,0,0,0,5ŒŽ22“ú,2014
0,0,0,0,0,9.385882849,18.25032776,30.2241024,75.28977134,31.8077141,30.76483823,11.99307253,11.47163459,6.257255233,26.0718968,30.24340029,20.85751744,13.0359484,2.085751744,0,0,0,0,0,5ŒŽ23“ú,2014
0,0,0,0,0,9.617371244,27.30794645,59.18936572,58.95535246,37.02209346,26.0718968,129.6913983,133.667566,138.5449928,114.9919951,58.65132128,39.25827881,13.93189026,4.171503489,0,0,0,0,0,5ŒŽ24“ú,2014
0,0,0,0,0.521437936,4.692941425,26.93768338,53.94986581,59.10274244,111.3052963,74.90745795,125.9012402,125.1097601,106.3569942,87.14448744,109.4126971,60.51688989,22.94705574,7.83090814,0,0,0,0,0,5ŒŽ25“ú,2014
0,0,0,0,0.521437936,11.69712427,27.28190792,63.27896198,111.2702463,141.9516188,173.5005904,186.8355985,180.8111512,152.7884846,79.85544965,81.80234591,59.04504059,19.67788456,5.214379361,0,0,0,0,0,5ŒŽ26“ú,2014
0,0,0,0,0.521437936,10.65116388,30.28101639,72.77135543,97.5789942,134.9625722,164.0459833,157.3749667,124.7597186,148.8841481,108.0603959,62.13948207,53.26336542,19.15992061,5.214379361,0,0,0,0,0,5ŒŽ27“ú,2014
0,0,0,0,0,7.821569041,20.85751744,48.86750039,62.63142124,78.4571081,78.04964958,134.2182803,166.1754901,166.0025611,136.7594896,102.0453364,54.47534631,24.13872714,5.214379361,0,0,0,0,0,5ŒŽ28“ú,2014
0,0,0,0,0.521437936,11.38234828,30.76213853,77.40080784,117.8468271,152.5983853,172.3947624,181.1150847,176.2639341,143.2223256,50.05803874,69.39676294,22.94326919,10.42875872,1.564313808,0,0,0,0,0,5ŒŽ29“ú,2014
0,0,0,0,0,1.042875872,5.214379361,6.257255233,7.821569041,17.20745189,25.55045887,37.5435314,65.76012176,80.37864218,54.75026595,14.07882427,11.47163459,7.821569041,6.778693169,0,0,0,0,0,5ŒŽ30“ú,2014
0,0,0,0,0.521437936,7.821569041,26.49890374,45.31023,78.82634213,125.1056182,90.02084493,112.3332798,151.3200741,111.7194272,132.7183011,95.09041121,57.73644396,25.04872722,6.778693169,0,0,0,0,0,5ŒŽ31“ú,2014
0,0,0,0,0,5.214379361,20.33607951,49.33839415,114.2463546,91.71200429,118.4494484,154.8209034,184.8924928,122.3095777,117.6249486,97.62085285,58.86026311,23.83497227,8.352346076,0.521437936,0,0,0,0,6ŒŽ1“ú,2010
0,0,0,0,1.042875872,12.08012646,37.0605805,79.87542154,116.308264,125.0646945,137.0705193,142.0791655,181.9406869,171.24692,129.4283497,105.6123602,65.03876209,23.84549658,8.385032921,0.521437936,0,0,0,0,6ŒŽ2“ú,2010
0,0,0,0,1.042875872,12.31014195,39.57091004,83.08049618,123.0381939,156.2824524,176.2020642,187.211932,183.5015198,161.8392051,148.9329142,111.1107787,67.94665056,23.93476698,8.878453561,0.521437936,0,0,0,0,6ŒŽ3“ú,2010
0,0,0,0,0.521437936,10.95019666,32.64038513,69.40600787,101.3850192,137.3293983,130.7802453,141.3769934,147.2626659,153.9954577,131.2717138,99.62860005,63.20432655,25.20967753,7.300131105,0.521437936,0,0,0,0,6ŒŽ4“ú,2010
0,0,0,0,0.521437936,10.95019666,35.27761484,79.62955933,118.094978,149.4666176,173.7156825,183.5763647,178.7543353,138.8953098,114.7664401,97.38198494,62.36267181,26.81417933,10.45210647,0,0,0,0,0,6ŒŽ5“ú,2010
0,0,0,0,0.521437936,7.300131105,21.37895538,67.21704501,112.7665866,136.9439877,157.867632,177.1935376,175.8014702,158.2111296,133.6691297,102.1976585,60.82257862,30.37950889,8.869114463,0,0,0,0,0,6ŒŽ6“ú,2010
0,0,0,0,0.521437936,10.42875872,27.53482461,45.29920143,71.4430359,78.39529695,145.3801569,145.2347695,157.9381727,161.6045337,129.0468634,65.52513993,52.00594287,27.71122148,8.343006977,0,0,0,0,0,6ŒŽ7“ú,2010
0,0,0,0,0,5.735817297,19.29320364,31.25266406,64.6577487,98.79668028,85.62054568,86.67254321,73.05119156,85.05306436,67.77034072,45.32113949,23.98614506,19.29320364,7.821569041,0.521437936,0,0,0,0,6ŒŽ8“ú,2010
0,0,0,0,0,2.085751744,6.257255233,14.60026221,30.24340029,22.42183125,27.63621061,32.32915204,70.44327906,51.63666651,78.02138374,70.72838243,32.20323654,15.64313808,6.257255233,0,0,0,0,0,6ŒŽ9“ú,2010
0,0,0,0,0.521437936,9.907320786,34.94383579,60.31022483,67.23373022,58.02940379,71.4878291,30.24340029,20.33607951,69.49106924,35.45777965,36.45608032,32.72460303,15.12170015,4.171503489,0.521437936,0,0,0,0,6ŒŽ10“ú,2010
0,0,0,0,1.564313808,16.33531248,36.07985823,64.90285036,106.6897701,112.024597,136.1009732,133.9253335,128.4624334,137.4760447,105.2994689,69.99072628,45.50849826,30.03396058,9.390552399,0.521437936,0,0,0,0,6ŒŽ11“ú,2010
0,0,0,0,1.042875872,12.74399665,33.36626095,66.70925583,104.5653865,144.4433282,170.7911508,115.3405034,84.56760888,38.58640727,19.81464157,31.8077141,19.29320364,7.300131105,3.650065553,0,0,0,0,0,6ŒŽ12“ú,2010
0,0,0,0,0,1.042875872,5.735817297,15.64313808,21.37895538,23.98614506,25.55045887,41.71503489,42.23647282,57.89279274,44.83669024,25.02902093,13.0359484,5.735817297,3.128627616,0,0,0,0,0,6ŒŽ13“ú,2010
0,0,0,0,0,3.650065553,14.07882427,23.46470712,53.18107639,55.80914338,102.213128,112.0786109,147.5813304,129.2599378,68.24395247,61.6885279,36.26710332,20.49714124,8.864444913,0.521437936,0,0,0,0,6ŒŽ14“ú,2010
0,0,0,0,0,9.907320786,28.2491218,56.87268979,81.22244317,126.5866454,135.9584561,169.7702644,184.0229562,170.0733235,146.4731541,107.7901196,45.42116946,24.1156053,8.864444913,0.521437936,0,0,0,0,6ŒŽ15“ú,2010
0,0,0,0,0,9.385882849,34.07147466,73.964427,101.3381531,128.7486184,164.3892158,177.0211512,178.9893504,163.017911,139.8021776,106.0142542,66.72781514,28.69634073,11.50432144,0.521437936,0,0,0,0,6ŒŽ16“ú,2010
0,0,0,0,1.042875872,12.88391575,42.01626528,79.35201163,115.1764067,144.1938722,164.3497523,174.6889623,177.2772504,164.6185076,138.2583937,105.1057594,57.62247452,27.94691363,11.47630414,0.521437936,0,0,0,0,6ŒŽ17“ú,2010
0,0,0,0,1.042875872,7.821569041,22.83402844,40.59526814,47.4469286,62.07988561,59.98882046,36.50065553,34.93634172,30.24340029,24.507583,18.7717657,14.60026221,8.343006977,4.692941425,0,0,0,0,0,6ŒŽ18“ú,2010
0,0,0,0,0,3.128627616,7.300131105,16.16457602,24.507583,15.64313808,30.24340029,26.59333474,33.37202791,21.37895538,41.19359695,50.48869879,51.04399678,24.15537341,9.385882849,0.521437936,0,0,0,0,6ŒŽ19“ú,2010
0,0,0,0,0,1.564313808,4.171503489,4.171503489,7.300131105,20.33607951,20.85751744,22.94326919,33.89346585,42.75791076,43.27178681,50.21714282,12.51451047,4.692941425,1.564313808,0,0,0,0,0,6ŒŽ20“ú,2010
0,0,0,0,0,3.650065553,9.907320786,22.94326919,30.76483823,52.15781231,46.92941425,59.46969744,65.20220898,62.59733186,28.67908648,28.67908648,14.60026221,15.12170015,6.257255233,0.521437936,0,0,0,0,6ŒŽ21“ú,2010
0,0,0,0,0,7.300131105,27.00369005,49.26060678,88.92042077,112.899532,157.4573706,154.4760056,154.5389406,138.9275858,117.988556,88.60561528,46.70936457,21.55288333,6.778693169,0.521437936,0,0,0,0,6ŒŽ22“ú,2010
0,0,0,0,0.521437936,10.95019666,24.39613129,33.33244271,45.36047953,49.02908793,51.64549763,46.40797631,42.23647282,46.94190717,30.76483823,21.90039332,21.90039332,8.864444913,3.128627616,0,0,0,0,0,6ŒŽ23“ú,2010
0,0,0,0,0,2.085751744,5.735817297,26.0718968,56.30596974,25.55045887,20.85751744,13.55738634,15.12170015,8.864444913,11.99307253,8.343006977,4.171503489,5.214379361,6.778693169,0.521437936,0,0,0,0,6ŒŽ24“ú,2010
0,0,0,0,0,1.564313808,5.214379361,10.95019666,20.33607951,55.28636558,98.69104844,85.09793285,100.6375396,72.0855829,91.97972811,111.7077316,68.27603711,28.29679162,8.864444913,0.521437936,0,0,0,0,6ŒŽ25“ú,2010
0,0,0,0,0.521437936,4.692941425,22.30950153,46.80989919,62.53534366,53.72210789,74.63549813,86.84453522,100.3896068,69.37698528,76.51566007,103.46663,66.83825533,31.21621046,12.54252776,1.564313808,0,0,0,0,6ŒŽ26“ú,2010
0,0,0,0,0,3.650065553,11.47163459,19.29320364,22.42183125,10.95019666,17.20745189,19.81464157,17.20745189,29.72196236,27.11477268,17.72888983,5.735817297,3.650065553,1.564313808,0,0,0,0,0,6ŒŽ27“ú,2010
0,0,0,0,0,3.650065553,9.907320786,37.50370928,29.72196236,22.42183125,38.06496933,85.80472652,118.1558794,172.3291951,146.7084139,112.3662112,70.5083969,31.78627233,7.300131105,0.521437936,0,0,0,0,6ŒŽ28“ú,2010
0,0,0,0,0,2.085751744,9.907320786,29.68220488,44.31784025,57.38687175,72.00582532,97.27835009,56.86006101,138.8945332,87.93199947,93.23200271,67.96857759,24.44769725,8.864444913,0.521437936,0,0,0,0,6ŒŽ29“ú,2010
0,0,0,0,0,3.650065553,4.692941425,7.821569041,8.864444913,31.28627616,34.93634172,29.72196236,23.46470712,23.98614506,23.98614506,29.20052442,13.55738634,3.650065553,1.564313808,0,0,0,0,0,6ŒŽ30“ú,2010
0,0,0,0,0,1.042875872,7.300131105,41.99939232,40.14668178,37.02209346,49.56070999,80.07578431,100.4019199,88.27791369,68.26094203,71.24634713,58.52292718,24.17302646,6.257255233,0,0,0,0,0,7ŒŽ1“ú,2010
0,0,0,0,0.521437936,12.6058392,34.8928186,47.8542902,49.00753364,51.11588824,73.07437317,92.95171443,40.67215901,22.42183125,49.53172973,34.93634172,24.507583,9.907320786,1.564313808,0,0,0,0,0,7ŒŽ2“ú,2010
0,0,0,0,0,3.128627616,15.12170015,46.17329221,35.97921759,30.76483823,19.29320364,7.300131105,40.15072108,62.60208828,12.51451047,11.99307253,8.864444913,4.171503489,0.521437936,0,0,0,0,0,7ŒŽ3“ú,2010
0,0,0,0,0,6.257255233,9.907320786,26.59333474,32.32915204,66.79066524,73.07611564,26.0718968,37.5435314,68.86011443,39.10784521,23.98614506,13.55738634,10.95019666,4.692941425,0,0,0,0,0,7ŒŽ4“ú,2010
0,0,0,0,0,3.128627616,17.20745189,40.59504603,58.91365901,60.51853087,51.64762332,65.20784804,109.1564848,66.25375192,53.18316282,25.55045887,14.07882427,7.821569041,3.128627616,0,0,0,0,0,7ŒŽ5“ú,2010
0,0,0,0,0,6.257255233,17.72888983,50.89622178,68.23863227,99.83575002,84.04515725,164.8569707,182.3486088,128.9849551,106.6973594,85.02706298,67.41169198,28.48871101,10.98755305,0.521437936,0,0,0,0,7ŒŽ6“ú,2010
0,0,0,0,0,7.498499674,35.2164175,72.7245109,113.8425329,145.27021,171.2788381,182.9712229,185.5221504,169.4317941,142.8768389,108.4674425,67.3903537,28.43701803,9.413900145,0.521437936,0,0,0,0,7ŒŽ7“ú,2010
0,0,0,0,0,8.934744392,34.0696993,70.00789569,108.7271075,136.5372254,170.2609744,183.6366334,176.6702657,164.0875482,139.8868063,105.8295854,66.48018238,28.09039178,8.371024273,0,0,0,0,0,7ŒŽ8“ú,2010
0,0,0,0,0,6.257255233,28.45562733,48.90429784,111.3893747,134.9486801,160.8183456,180.3625417,183.5592467,170.7835909,138.4525938,107.3215119,52.22226024,28.1660291,9.460595638,0,0,0,0,0,7ŒŽ9“ú,2010
0,0,0,0,0,8.601844163,30.62334565,44.15105877,64.63675694,134.0433778,136.1157866,178.582872,193.5753578,183.2598275,120.3796392,73.16136349,39.40799649,29.53745551,9.404561047,0,0,0,0,0,7ŒŽ10“ú,2010
0,0,0,0,0,1.564313808,15.12170015,65.14538716,112.0723485,72.14321383,60.51465558,53.73885094,67.84277577,28.15764855,23.46470712,29.72196236,12.51451047,3.650065553,0,0,0,0,0,0,7ŒŽ11“ú,2010
0,0,0,0,0,0.521437936,5.735817297,15.64313808,31.8077141,60.0034029,112.0418642,58.43232551,84.78621681,90.94180525,35.45777965,25.55045887,11.99307253,11.47163459,4.171503489,0,0,0,0,0,7ŒŽ12“ú,2010
0,0,0,0,0,0.521437936,10.95019666,14.07882427,57.88686521,56.87592078,20.85751744,13.0359484,39.62928314,51.6422255,42.23647282,31.28627616,23.46470712,22.62247896,3.650065553,0,0,0,0,0,7ŒŽ13“ú,2010
0,0,0,0,0,0,6.257255233,18.7717657,20.33607951,43.82098271,45.88653838,47.45085218,30.76483823,26.59333474,22.94326919,18.7717657,7.300131105,4.692941425,1.042875872,0,0,0,0,0,7ŒŽ14“ú,2010
0,0,0,0,0,4.171503489,16.16457602,26.59333474,57.8973635,124.9763814,107.4281654,40.67215901,20.33607951,47.47206825,63.62133554,78.39813992,70.16742609,28.7776865,7.858925436,0,0,0,0,0,7ŒŽ15“ú,2010
0,0,0,0,0,5.214379361,19.29320364,34.38236181,79.832711,60.52978804,81.98886665,159.1617914,108.6499274,100.9274547,102.4873053,86.57255629,67.2679095,29.01547843,10.44743692,0.521437936,0,0,0,0,7ŒŽ16“ú,2010
0,0,0,0,0,8.343006977,17.72888983,44.25874731,80.51078055,123.3144261,132.1100081,119.1561598,136.083843,93.31465175,55.79844571,34.93634172,26.0718968,8.343006977,1.042875872,0,0,0,0,0,7ŒŽ17“ú,2010
0,0,0,0,0,0.521437936,2.60718968,6.778693169,12.51451047,22.42183125,32.85058997,42.75791076,38.58640727,84.73071436,55.7993038,28.67908648,20.33607951,11.47163459,3.128627616,0,0,0,0,0,7ŒŽ18“ú,2010
0,0,0,0,0,1.042875872,9.907320786,16.16457602,21.90039332,41.71503489,114.7864099,145.4538122,63.12709555,98.0418428,53.71443777,34.93634172,36.93930125,17.20745189,5.214379361,0.521437936,0,0,0,0,7ŒŽ19“ú,2010
0,0,0,0,0,0.521437936,3.128627616,2.085751744,10.42875872,53.21112214,135.4864713,174.4595287,156.3311063,108.7184136,49.5438475,36.31268756,32.77522834,25.11428083,8.347676527,0,0,0,0,0,7ŒŽ20“ú,2010
0,0,0,0,0,4.692941425,14.07882427,25.55045887,24.507583,18.25032776,97.7439493,120.8247544,138.3810252,150.5843404,150.989067,118.7892353,70.02075802,28.37484801,7.323478852,0,0,0,0,0,7ŒŽ21“ú,2010
0,0,0,0,0,5.584027139,40.86706134,44.76249796,79.99402917,111.4326836,99.80577909,114.2441224,113.4463899,159.1482802,131.686552,107.0093235,27.15166868,16.26521426,8.906470857,0,0,0,0,0,7ŒŽ22“ú,2010
0,0,0,0,0,6.778693169,24.62304286,48.70337252,73.32114517,85.01270739,106.160549,185.1353124,155.6796982,129.9166531,89.72399591,88.87452466,67.05765435,20.02250149,3.650065553,0,0,0,0,0,7ŒŽ23“ú,2010
0,0,0,0,0,3.650065553,25.18891801,63.29072663,108.1788211,138.7428392,145.94552,175.714033,191.4208849,96.6158072,118.0196145,118.0593732,70.78940857,28.98276272,8.385032921,0,0,0,0,0,7ŒŽ24“ú,2010
0,0,0,0,0,7.483476581,34.81644162,60.46311436,80.19442424,90.60981442,112.8714765,167.8770815,177.9387467,146.1203863,110.6628174,77.57663805,60.98647149,27.11768223,7.323478852,0,0,0,0,0,7ŒŽ25“ú,2010
0,0,0,0,0,4.171503489,30.21090209,67.1429395,98.83754712,140.1617133,172.7994468,183.5423049,171.5494167,140.5764393,145.7060875,99.23757099,70.57938023,28.27872932,7.840247238,0,0,0,0,0,7ŒŽ26“ú,2010
0,0,0,0,0,12.22901439,22.8468851,43.23687786,51.12705656,75.91636248,111.4556964,95.11360677,102.1592571,61.59263544,32.32915204,33.37202791,26.0718968,10.42875872,2.60718968,0,0,0,0,0,7ŒŽ27“ú,2010
0,0,0,0,0,0.521437936,9.385882849,25.55045887,32.32915204,53.73991703,50.62004382,68.91645172,57.39903825,82.71219523,59.99642461,49.50202057,32.24058821,13.55738634,4.692941425,0,0,0,0,0,7ŒŽ28“ú,2010
0,0,0,0,0,5.214379361,39.93996999,50.97083498,52.69598144,57.42389777,72.6045283,101.9461262,119.7440852,126.13027,66.27268494,51.59043153,37.89082685,18.98136499,3.650065553,0,0,0,0,0,7ŒŽ29“ú,2010
0,0,0,0,0.521437936,6.778693169,35.40160844,74.21636371,98.82792868,115.9477468,170.2226985,143.2069589,99.86609441,96.66713895,97.10640279,82.97317314,53.06446764,27.13091544,9.390552399,0,0,0,0,0,7ŒŽ30“ú,2010
0,0,0,0,0,5.05753656,22.33164674,59.12905639,81.82551375,102.7715161,127.7686584,195.0827385,156.71382,94.12305092,115.6775568,129.479718,63.70280219,22.749413,4.697610974,0,0,0,0,0,7ŒŽ31“ú,2010
0,0,0,0,0,6.830316196,37.02681832,78.11243664,119.1396701,153.1037837,174.0347298,179.4053549,188.8311155,175.9887227,139.8282656,116.2207244,70.38553348,26.11917975,4.702280523,0,0,0,0,0,8ŒŽ1“ú,2013
0,0,0,0,0,1.564313808,15.64313808,40.64672976,51.14173836,55.3471507,23.46470712,28.15764855,57.92563758,44.8436625,60.52998658,33.37202791,8.864444913,2.085751744,0,0,0,0,0,0,8ŒŽ2“ú,2013
0,0,0,0,0,3.650065553,23.90136348,36.99983541,55.44647871,86.28707153,83.17248014,87.64347034,84.9823618,131.8877929,65.1389367,103.1545659,61.40942425,23.68086656,5.735817297,0,0,0,0,0,8ŒŽ3“ú,2013
0,0,0,0,0,2.60718968,27.57782523,61.06438287,93.50851106,39.10784521,87.6630882,48.99962961,149.8806994,88.65346358,61.80713692,105.287761,66.36141261,25.24015086,5.214379361,0,0,0,0,0,8ŒŽ4“ú,2013
0,0,0,0,0,6.778693169,30.91123958,73.2548915,103.6088024,154.79811,134.4708048,183.0706553,181.0287775,144.5626091,132.3886422,108.5820265,66.62303923,23.55840828,5.228388009,0,0,0,0,0,8ŒŽ5“ú,2013
0,0,0,0,0,4.180842587,29.08257178,68.31858484,108.6321772,142.9540448,165.9820663,161.2114438,174.2562659,170.6971458,142.6599807,107.7991146,70.30496807,23.75450229,5.228388009,0,0,0,0,0,8ŒŽ6“ú,2013
0,0,0,0,0,5.735817297,29.29666907,66.40793524,105.1171999,134.8217022,123.2619314,97.40768063,149.2836755,166.876947,133.9928316,102.3971681,53.13987906,16.35135799,4.711619622,0,0,0,0,0,8ŒŽ7“ú,2013
0,0,0,0,0,4.720958721,32.63573986,57.75290179,60.28537948,101.7901704,178.5103555,192.2967936,192.8092746,181.013722,136.4792195,106.246621,56.37845729,13.0359484,2.60718968,0,0,0,0,0,8ŒŽ8“ú,2013
0,0,0,0,0,4.171503489,17.65696445,44.31855446,98.3597299,147.3457564,140.1809307,89.53529212,162.286194,112.4977771,100.4042361,93.92665716,55.1152794,18.34371875,3.654735102,0,0,0,0,0,8ŒŽ9“ú,2013
0,0,0,0,0,4.706950073,30.38298511,48.53562374,71.41645006,138.9967807,124.3156105,145.0486926,64.74748299,93.59820296,71.57007381,70.50009706,54.43071256,18.87916533,2.60718968,0,0,0,0,0,8ŒŽ10“ú,2013
0,0,0,0,0,3.650065553,27.60700551,84.371133,97.23747185,109.5584948,108.9359468,124.0713693,123.375112,152.2157233,126.7079982,113.8820161,70.33341108,20.46215734,1.564313808,0,0,0,0,0,8ŒŽ11“ú,2013
0,0,0,0,0,2.085751744,5.214379361,2.085751744,9.907320786,47.50146566,32.85058997,22.94326919,24.507583,20.85751744,10.42875872,10.95019666,11.47163459,4.692941425,0.521437936,0,0,0,0,0,8ŒŽ12“ú,2013
0,0,0,0,0,2.090421294,31.85554189,70.0137435,110.3797577,137.7022294,147.876288,161.1770548,140.8735887,161.1897016,122.8899409,91.48283869,42.22777579,17.73355938,1.042875872,0,0,0,0,0,8ŒŽ13“ú,2013
0,0,0,0,0,2.60718968,13.0359484,51.33778808,80.142755,139.8605042,134.2563185,152.6518321,158.3743678,82.57834254,28.15764855,36.51036249,24.507583,11.47163459,2.60718968,0,0,0,0,0,8ŒŽ14“ú,2013
0,0,0,0,0,1.564313808,7.300131105,30.77647501,41.23422281,78.27537452,122.0503637,133.0275527,98.41788545,126.7823202,25.02902093,42.31776334,19.81464157,16.86345683,3.650065553,0,0,0,0,0,8ŒŽ15“ú,2013
0,0,0,0,0,3.659404651,32.28500043,67.34422436,86.27222953,132.1517692,167.4159052,138.631418,70.0508265,138.8757363,140.1687688,104.1543032,58.18057803,16.22061061,3.128627616,0,0,0,0,0,8ŒŽ16“ú,2013
0,0,0,0,0,3.133297166,28.93717434,66.43596688,106.1781014,139.5756035,165.2747832,167.3168223,179.9882824,168.065821,143.4589722,96.6272608,63.22930503,16.75605719,4.176173038,0,0,0,0,0,8ŒŽ17“ú,2013
0,0,0,0,0,2.60718968,25.40902745,31.37833683,38.63251702,44.27986655,51.68892213,78.94280472,64.79126213,76.30898483,85.268642,49.57175235,24.507583,9.385882849,1.042875872,0,0,0,0,0,8ŒŽ18“ú,2013
0,0,0,0,0,0.521437936,3.650065553,9.907320786,16.16457602,28.15764855,13.55738634,16.68601395,22.94326919,18.7717657,30.76483823,16.68601395,7.300131105,2.085751744,0,0,0,0,0,0,8ŒŽ19“ú,2013
0,0,0,0,0,2.60718968,19.17114404,36.75552719,100.0668574,74.26509561,120.9415331,110.0612916,87.18268115,117.9846098,92.94708724,88.10377445,40.70343882,8.343006977,1.564313808,0,0,0,0,0,8ŒŽ20“ú,2013
0,0,0,0,0,3.128627616,32.81000575,54.80982979,102.4312531,141.5790861,160.9194502,180.1949828,164.464536,149.082987,116.8605249,85.05681972,47.25777682,18.27834506,2.085751744,0,0,0,0,0,8ŒŽ21“ú,2013
0,0,0,0,0,2.61185923,27.76462458,69.19057584,108.8648374,144.4556869,172.2476743,171.4075499,170.9938972,168.8422505,132.0606719,102.7053567,56.84170428,14.13018932,1.564313808,0,0,0,0,0,8ŒŽ22“ú,2013
0,0,0,0,0,1.564313808,11.47163459,21.37895538,31.28627616,80.98486641,90.05892002,101.3438136,47.52493952,21.90039332,28.67908648,23.98614506,18.10333536,11.47163459,1.564313808,0,0,0,0,0,8ŒŽ23“ú,2013
0,0,0,0,0,1.042875872,13.0359484,48.38225265,76.1895181,102.4473992,141.218731,111.6851009,108.4499394,80.26627517,55.90739587,48.55511095,47.50808841,16.72337035,1.042875872,0,0,0,0,0,8ŒŽ24“ú,2013
0,0,0,0,0,1.564313808,16.09572033,42.11002496,76.78803395,90.51362407,143.3625951,183.1694144,179.5400343,165.1597837,138.8522623,102.6239271,58.2134692,13.13400894,1.568983358,0,0,0,0,0,8ŒŽ25“ú,2013
0,0,0,0,0,2.085751744,25.11058121,63.71025204,105.1964583,140.8707331,164.9220467,178.4338444,178.0615465,163.0317653,135.5545384,84.66677006,55.55304317,14.6656359,2.085751744,0,0,0,0,0,8ŒŽ26“ú,2013
0,0,0,0,0,2.085751744,22.6848198,56.33790144,55.72284346,48.05546017,18.7717657,32.32915204,73.2858361,133.2278149,128.9294867,95.72600565,56.19299973,13.62742958,1.042875872,0,0,0,0,0,8ŒŽ27“ú,2013
0,0,0,0,0,3.128627616,27.87804119,55.51737844,110.9395867,128.1456204,165.5148675,128.6604059,51.18320071,50.13463952,18.7717657,15.64313808,8.864444913,4.692941425,1.042875872,0,0,0,0,0,8ŒŽ28“ú,2013
0,0,0,0,0,1.568983358,25.90225812,66.23581823,110.6758755,145.2312482,169.4972603,183.69728,172.337746,151.3867091,94.82745679,73.88870728,53.13910995,12.58922325,0.521437936,0,0,0,0,0,8ŒŽ29“ú,2013
0,0,0,0,0,2.090421294,27.55630388,68.89551152,113.5166196,148.8617174,178.7501117,154.1789791,113.1096294,164.8747834,147.1978184,94.41537675,59.26645323,11.57436468,0.521437936,0,0,0,0,0,8ŒŽ30“ú,2013
0,0,0,0,0,3.650065553,28.72143217,38.33526524,79.03654804,110.2740132,139.3693639,158.5728529,99.80449592,130.4021694,59.23369986,44.66063558,29.60222201,12.51451047,0.521437936,0,0,0,0,0,8ŒŽ31“ú,2013
0,0,0,0,0,1.568983358,27.81245726,68.98827066,116.5365168,150.1652109,174.5828253,185.0178868,172.7496663,166.3982977,142.3772468,104.4998315,57.7479541,10.52681926,0.521437936,0,0,0,0,0,9ŒŽ1“ú,2010
0,0,0,0,0,1.573652907,26.88429576,60.94452221,92.61012299,126.2255894,140.4129953,172.6906035,182.1385888,178.5644886,140.3634389,100.7258524,54.95251036,10.49413241,0.521437936,0,0,0,0,0,9ŒŽ2“ú,2010
0,0,0,0,0,0.521437936,4.171503489,9.385882849,2.60718968,15.12170015,15.64313808,25.02902093,25.02902093,36.50065553,29.20052442,21.90039332,22.42183125,11.99307253,0.521437936,0,0,0,0,0,9ŒŽ3“ú,2010
0,0,0,0,0,1.042875872,9.385882849,66.33942709,35.54053166,27.63621061,38.58640727,60.67941967,49.63137387,47.01952653,45.44551277,24.507583,16.68601395,8.343006977,0,0,0,0,0,0,9ŒŽ4“ú,2010
0,0,0,0,0,1.042875872,7.821569041,16.16457602,27.11477268,63.89544543,59.11679029,28.15764855,47.02606712,37.02209346,94.01775958,75.84725165,29.23043018,8.352346076,0.521437936,0,0,0,0,0,9ŒŽ5“ú,2010
0,0,0,0,0,1.564313808,26.83897655,65.86311481,109.5244776,143.8952919,169.8308396,80.09427984,54.17228054,113.0084127,120.3174967,61.55388043,31.4521551,6.257255233,0,0,0,0,0,0,9ŒŽ6“ú,2010
0,0,0,0,0,1.042875872,19.39685249,28.75375439,59.12247879,117.0110029,74.53279191,116.1001777,185.1861902,138.8111363,120.4573777,74.15847706,29.93524794,7.83090814,0.521437936,0,0,0,0,0,9ŒŽ7“ú,2010
0,0,0,0,0,0.521437936,9.907320786,30.32139002,75.91042792,107.5487576,164.3038504,182.066055,176.4390798,168.1376195,138.4618184,99.31598399,53.0191404,8.892462209,0,0,0,0,0,0,9ŒŽ8“ú,2010
0,0,0,0,0,1.564313808,23.88778017,65.79007729,110.8042687,148.0277698,170.1240476,169.3360975,181.7065148,169.3615631,139.6528843,97.22178396,51.67827206,8.915809956,0,0,0,0,0,0,9ŒŽ9“ú,2010
0,0,0,0,0,1.042875872,22.95797493,65.45068376,110.5622894,147.2144193,171.858632,184.3890419,176.1265316,146.9328482,112.3703154,91.85710036,48.03711444,9.418569695,0,0,0,0,0,0,9ŒŽ10“ú,2010
0,0,0,0,0,1.042875872,21.22987029,61.70678033,106.1857744,135.8115033,164.1103055,172.86783,178.0801936,162.5612488,131.3963008,90.36079282,45.49221584,8.375693823,0,0,0,0,0,0,9ŒŽ11“ú,2010
0,0,0,0,0,0.521437936,17.11638535,59.30629559,101.6520024,139.1459197,168.7882285,171.3817228,177.3075094,140.7816479,60.7893186,52.30971755,27.15724504,9.907320786,0,0,0,0,0,0,9ŒŽ12“ú,2010
0,0,0,0,0,0,2.60718968,9.907320786,20.85751744,38.69724238,99.38188567,178.0307938,177.1669106,148.6027801,100.7873788,88.01351956,34.00194848,6.778693169,0,0,0,0,0,0,9ŒŽ13“ú,2010
0,0,0,0,0,0.521437936,15.41404889,55.2043679,89.42544225,106.1267245,148.8527409,157.9067904,167.5678671,165.0373349,133.9709593,94.78968205,47.74491323,7.3374875,0,0,0,0,0,0,9ŒŽ14“ú,2010
0,0,0,0,0,0.521437936,12.15122921,32.84236121,39.74066434,66.33060509,58.1142588,39.10784521,45.48200768,30.76483823,28.15764855,20.85751744,10.42875872,2.60718968,0,0,0,0,0,0,9ŒŽ15“ú,2010
0,0,0,0,0,0.521437936,9.556280718,58.41949043,105.5730303,140.4973114,166.8320389,181.022583,165.9754862,164.8222865,128.8419608,86.93655673,41.49876898,7.300131105,0,0,0,0,0,0,9ŒŽ16“ú,2010
0,0,0,0,0,0.521437936,18.91776731,60.86760001,108.2068429,136.5920485,160.9084433,146.5674853,146.065591,131.7953148,113.1932656,65.57357871,27.71998754,6.257255233,0,0,0,0,0,0,9ŒŽ17“ú,2010
0,0,0,0,0,0,3.650065553,20.33607951,23.46470712,33.37202791,55.52006581,63.34218238,71.28608397,70.88146656,46.00482839,22.42183125,12.51451047,3.650065553,0,0,0,0,0,0,9ŒŽ18“ú,2010
0,0,0,0,0,0,4.692941425,10.42875872,21.37895538,34.41490378,39.62928314,38.58640727,35.97921759,25.55045887,17.20745189,14.07882427,9.907320786,5.214379361,0,0,0,0,0,0,9ŒŽ19“ú,2010
0,0,0,0,0,0,5.84685947,50.70524451,61.32910657,56.81357787,49.1434365,84.17008079,161.8700934,150.1063971,117.6242559,85.7166677,38.0446203,5.21904891,0,0,0,0,0,0,9ŒŽ20“ú,2010
0,0,0,0,0,0,2.085751744,3.650065553,4.171503489,12.51451047,28.15764855,38.58640727,23.98614506,24.507583,13.55738634,13.55738634,7.821569041,2.085751744,0,0,0,0,0,0,9ŒŽ21“ú,2010
0,0,0,0,0,0.521437936,20.12283559,30.89055958,26.59333474,58.27694721,94.20293674,130.2960321,105.9737874,98.11793837,91.9528912,66.77571943,46.75279125,5.251735755,0,0,0,0,0,0,9ŒŽ22“ú,2010
0,0,0,0,0,0.521437936,13.9596864,66.10799943,85.60443749,81.26472211,110.4821084,126.1655861,112.8349628,149.7530683,97.68367572,24.507583,2.085751744,0,0,0,0,0,0,0,9ŒŽ23“ú,2010
0,0,0,0,0,0.521437936,20.47837953,59.66391176,116.6013503,148.2845432,174.7334915,184.9967839,181.1910388,166.4740893,137.0290591,93.75334833,14.29362354,4.706950073,0,0,0,0,0,0,9ŒŽ24“ú,2010
0,0,0,0,0,0,4.171503489,8.343006977,31.42708068,72.69798631,66.43794879,48.11202951,44.98356483,43.41970331,13.55738634,7.300131105,5.735817297,0.521437936,0,0,0,0,0,0,9ŒŽ25“ú,2010
0,0,0,0,0,0,0.521437936,3.650065553,5.735817297,8.343006977,14.07882427,10.95019666,9.385882849,16.68601395,24.507583,13.55738634,8.864444913,1.042875872,0,0,0,0,0,0,9ŒŽ26“ú,2010
0,0,0,0,0,0.521437936,10.42875872,44.59695933,113.9973594,141.6223619,118.347269,158.954552,160.7772174,129.212305,86.32056409,62.74557693,18.26433641,2.60718968,0,0,0,0,0,0,9ŒŽ27“ú,2010
0,0,0,0,0,0,8.343006977,35.29166009,39.25813476,23.46470712,33.89346585,58.17323577,70.31478014,57.1345105,51.92671717,33.01074274,9.385882849,2.085751744,0,0,0,0,0,0,9ŒŽ28“ú,2010
0,0,0,0,0,0,1.564313808,10.95019666,13.55738634,17.72888983,23.98614506,29.72196236,27.63621061,32.32915204,19.29320364,19.81464157,7.821569041,0.521437936,0,0,0,0,0,0,9ŒŽ29“ú,2010
0,0,0,0,0,0,7.821569041,26.23624139,59.55320863,69.16759048,74.65187483,99.11058297,84.1925181,49.16994919,25.02902093,19.29320364,8.864444913,1.564313808,0,0,0,0,0,0,9ŒŽ30“ú,2010
0,0,0,0,0,0,2.085751744,3.650065553,10.95019666,11.99307253,50.73389736,91.13341671,91.53513557,99.7861357,29.66111387,33.76807441,13.57139499,3.128627616,0,0,0,0,0,0,10ŒŽ1“ú,2016
0,0,0,0,0,0,3.650065553,18.7717657,36.53949578,53.43986432,130.6277175,128.4462713,141.1634798,130.4068152,70.22768267,26.47349178,12.01642028,4.171503489,0,0,0,0,0,0,10ŒŽ2“ú,2016
0,0,0,0,0,0,12.22939856,51.12525472,80.3393947,134.6548309,165.2551498,173.5448639,137.8950084,162.0459127,115.6711328,67.21342383,14.20023256,2.090421294,0,0,0,0,0,0,10ŒŽ3“ú,2016
0,0,0,0,0,0,13.02902881,52.06854598,97.29087436,120.7369228,121.3025344,79.16434099,29.20052442,5.214379361,2.085751744,1.042875872,5.214379361,1.564313808,0,0,0,0,0,0,10ŒŽ4“ú,2016
0,0,0,0,0,0,1.042875872,11.99307253,30.41706751,68.19233188,78.43435865,143.0808553,61.45777758,64.97752708,40.33075611,21.37895538,7.300131105,1.042875872,0,0,0,0,0,0,10ŒŽ5“ú,2016
0,0,0,0,0,0,13.44393939,62.13262837,99.97556602,112.2445712,104.6514932,146.3643343,174.2258923,160.015933,118.9577548,77.4635705,11.60238197,1.047545421,0,0,0,0,0,0,10ŒŽ6“ú,2016
0,0,0,0,0,0,9.098637425,45.51326578,94.73984315,128.1744849,152.0752572,160.4543098,131.622975,138.4719959,109.5333431,62.90685729,15.1263697,1.564313808,0,0,0,0,0,0,10ŒŽ7“ú,2016
0,0,0,0,0,0,3.650065553,20.53907065,56.28748781,79.69847754,96.0565978,101.2168343,92.48980585,124.1697223,112.070584,69.52751836,13.10132209,1.042875872,0,0,0,0,0,0,10ŒŽ8“ú,2016
0,0,0,0,0,0,6.257255233,31.38714799,66.62403748,73.84226803,106.6596201,115.6300501,130.3816752,45.02708069,30.24340029,19.29320364,7.300131105,0,0,0,0,0,0,0,10ŒŽ9“ú,2016
0,0,0,0,0,0,0.521437936,2.085751744,2.60718968,14.60026221,45.54304472,66.7757362,39.80918628,57.8098143,42.11954386,20.85751744,5.735817297,0.521437936,0,0,0,0,0,0,10ŒŽ10“ú,2016
0,0,0,0,0,0,7.59527641,47.33431676,102.2876692,145.9311094,86.86751604,179.0301405,65.26068929,82.03484895,60.12329074,79.66154276,5.214379361,0,0,0,0,0,0,0,10ŒŽ11“ú,2016
0,0,0,0,0,0,6.564048553,25.92539608,16.16457602,29.28586603,78.61958169,73.47930086,13.55738634,42.95164632,60.87491278,30.24257978,12.51451047,0.521437936,0,0,0,0,0,0,10ŒŽ12“ú,2016
0,0,0,0,0,0,4.692941425,24.38299978,23.46470712,83.98119466,114.7516488,122.351934,124.4784481,136.3430148,75.39810673,53.7710711,12.04443757,0,0,0,0,0,0,0,10ŒŽ13“ú,2016
0,0,0,0,0,0,8.293775163,27.95299911,74.43733261,83.02686089,91.59612003,110.3838744,120.1668858,73.48753598,102.9725651,74.29589789,9.488612934,1.042875872,0,0,0,0,0,0,10ŒŽ14“ú,2016
0,0,0,0,0,0,11.79409506,59.01039158,107.317586,146.9036862,169.9294525,179.5558957,172.6795748,152.6488654,121.1728022,64.29073937,9.004531393,0.521437936,0,0,0,0,0,0,10ŒŽ15“ú,2016
0,0,0,0,0,0,6.778693169,38.33101804,34.44279978,80.49727816,27.11477268,19.81464157,15.12170015,13.0359484,10.95019666,5.735817297,1.042875872,0,0,0,0,0,0,0,10ŒŽ16“ú,2016
0,0,0,0,0,0,1.042875872,4.171503489,6.257255233,13.55738634,13.55738634,12.51451047,11.99307253,9.385882849,10.42875872,7.300131105,1.564313808,0,0,0,0,0,0,0,10ŒŽ17“ú,2016
0,0,0,0,0,0,2.60718968,13.0359484,28.37968292,42.4432641,81.70255892,113.4232558,79.21191339,96.77740808,121.5275364,81.07701694,9.465265188,0,0,0,0,0,0,0,10ŒŽ18“ú,2016
0,0,0,0,0,0,11.14230322,52.84477642,97.93460914,131.3058009,157.6334712,162.2500309,154.6961811,141.1528673,112.5709773,70.61307994,8.939157702,0,0,0,0,0,0,0,10ŒŽ19“ú,2016
0,0,0,0,0,0,4.716289171,47.85866036,94.15345469,130.3258872,153.198473,163.0087217,161.4278529,131.0466587,111.6845279,54.64985323,12.02108983,0,0,0,0,0,0,0,10ŒŽ20“ú,2016
0,0,0,0,0,0,1.564313808,8.864444913,19.29320364,29.20052442,26.0718968,17.72888983,25.55045887,38.81331094,31.54461802,9.385882849,4.692941425,0,0,0,0,0,0,0,10ŒŽ21“ú,2016
0,0,0,0,0,0,2.60718968,7.821569041,16.68601395,24.507583,19.81464157,7.821569041,10.95019666,11.99307253,10.95019666,2.60718968,0.521437936,0,0,0,0,0,0,0,10ŒŽ22“ú,2016
0,0,0,0,0,0,1.564313808,18.59706879,51.87477348,69.33886966,97.75271969,130.8801576,134.5818223,127.5224935,103.8621818,63.62473971,8.39437202,0,0,0,0,0,0,0,10ŒŽ23“ú,2016
0,0,0,0,0,0,3.650065553,41.72832331,68.15491959,113.6917824,153.1819404,120.0469421,84.23937952,82.02505134,99.70806805,68.78210651,7.863594985,0,0,0,0,0,0,0,10ŒŽ24“ú,2016
0,0,0,0,0,0,4.171503489,26.67702609,77.56805467,113.2966785,144.8057858,161.8321209,160.4429646,145.6024211,113.7977856,69.9379168,7.351496148,0,0,0,0,0,0,0,10ŒŽ25“ú,2016
0,0,0,0,0,0,4.185512137,42.3244521,95.38107229,133.9429582,147.460339,161.8742354,164.5132771,120.0761027,92.41815428,60.65224152,7.33281795,0,0,0,0,0,0,0,10ŒŽ26“ú,2016
0,0,0,0,0,0,3.659404651,42.55784124,89.57727031,127.456288,146.4714311,157.2766305,155.1621154,138.4630579,78.29361988,34.38289508,6.257255233,0,0,0,0,0,0,0,10ŒŽ27“ú,2016
0,0,0,0,0,0,1.564313808,8.343006977,17.72888983,15.12170015,33.89346585,18.7717657,9.907320786,20.33607951,37.09863523,13.0359484,4.171503489,0,0,0,0,0,0,0,10ŒŽ28“ú,2016
0,0,0,0,0,0,2.085751744,18.58058517,44.14488132,19.29320364,52.21290251,87.49876619,117.0525061,94.27099319,87.3611504,77.91633578,7.323478852,0,0,0,0,0,0,0,10ŒŽ29“ú,2016
0,0,0,0,0,0,2.616528779,43.09788445,89.75085019,128.895166,136.1567962,128.6479608,161.944458,140.3391155,109.1098905,66.64217954,5.745156396,0,0,0,0,0,0,0,10ŒŽ30“ú,2016
0,0,0,0,0,0,2.61185923,44.91062542,90.44067057,129.6464884,153.7432876,163.1606008,105.444566,103.7836982,71.66410304,59.94084219,5.787182339,0,0,0,0,0,0,0,10ŒŽ31“ú,2016
0,0,0,0,0,0,4.180842587,35.21712578,70.81083926,60.12383325,81.62709661,59.81021358,82.29624943,69.10026657,43.20742804,14.60026221,4.692941425,0,0,0,0,0,0,0,11ŒŽ1“ú,2017
0,0,0,0,0,0,0.521437936,7.821569041,56.37766168,122.1014324,143.1129445,150.5919479,153.4916286,130.8031817,77.86784694,54.0546867,5.214379361,0,0,0,0,0,0,0,11ŒŽ2“ú,2017
0,0,0,0,0,0,2.60718968,28.76469701,80.50981078,121.0017978,145.6433395,160.5221874,156.9127418,131.6565841,94.95771723,56.22695354,5.237727107,0,0,0,0,0,0,0,11ŒŽ3“ú,2017
0,0,0,0,0,0,2.61185923,37.10527487,81.45265747,115.9525884,136.129469,151.3395454,149.4407849,101.4247999,100.339202,15.80657231,4.711619622,0,0,0,0,0,0,0,11ŒŽ4“ú,2017
0,0,0,0,0,0,2.60718968,30.22792445,72.62041274,109.5154469,132.9659363,145.4124083,144.4970309,126.2878637,87.70921305,15.78322456,4.706950073,0,0,0,0,0,0,0,11ŒŽ5“ú,2017
0,0,0,0,0,0,4.171503489,37.0324939,74.52029745,61.43178594,43.01612098,22.42183125,18.25032776,14.60026221,2.085751744,4.171503489,2.60718968,0,0,0,0,0,0,0,11ŒŽ6“ú,2017
0,0,0,0,0,0,0,7.300131105,14.60026221,20.33607951,35.98290331,47.18315541,35.51031878,27.55244622,34.74619015,8.343006977,4.171503489,0,0,0,0,0,0,0,11ŒŽ7“ú,2017
0,0,0,0,0,0,2.099760392,37.61289394,91.60146984,129.2636139,156.831737,165.6830429,165.9810169,143.5299218,110.1817144,11.70978161,4.204190334,0,0,0,0,0,0,0,11ŒŽ8“ú,2017
0,0,0,0,0,0,1.573652907,45.44967649,92.36986307,130.053184,151.860247,159.6921686,155.4337934,138.0883373,105.6489741,12.72464019,4.194851235,0,0,0,0,0,0,0,11ŒŽ9“ú,2017
0,0,0,0,0,0,1.042875872,26.71549487,64.24075248,108.2805015,134.9025443,109.6810561,104.9105987,79.16102948,63.74724077,13.55738634,2.085751744,0,0,0,0,0,0,0,11ŒŽ10“ú,2017
0,0,0,0,0,0,0.521437936,2.60718968,11.47163459,16.16457602,25.02902093,8.864444913,11.47163459,19.29320364,8.343006977,3.650065553,0.521437936,0,0,0,0,0,0,0,11ŒŽ11“ú,2017
0,0,0,0,0,0,0,9.907320786,13.0359484,18.25032776,53.85119013,117.3670626,77.89931086,58.38711951,33.0156432,5.735817297,0.521437936,0,0,0,0,0,0,0,11ŒŽ12“ú,2017
0,0,0,0,0,0,1.042875872,5.735817297,30.16114248,71.38791283,107.0718179,157.3335762,90.47655422,77.8937945,29.6394314,14.07882427,3.650065553,0,0,0,0,0,0,0,11ŒŽ13“ú,2017
0,0,0,0,0,0,0.521437936,4.171503489,8.864444913,21.90039332,29.72196236,34.69576638,18.25032776,5.214379361,1.564313808,3.650065553,0.521437936,0,0,0,0,0,0,0,11ŒŽ14“ú,2017
0,0,0,0,0,0,0.521437936,10.84849729,43.11560585,74.3695645,51.70892137,127.5005022,75.89589625,55.09614074,16.16457602,20.36876635,1.564313808,0,0,0,0,0,0,0,11ŒŽ15“ú,2017
0,0,0,0,0,0,0.521437936,12.43173818,28.20740316,92.51253251,53.64036286,42.67929587,20.85751744,20.33607951,11.99307253,7.821569041,1.042875872,0,0,0,0,0,0,0,11ŒŽ16“ú,2017
0,0,0,0,0,0,0.521437936,20.63497935,38.74289176,123.6126403,126.3004801,73.0002356,48.57636256,56.06571689,20.85751744,13.0452875,3.128627616,0,0,0,0,0,0,0,11ŒŽ17“ú,2017
0,0,0,0,0,0,0.521437936,9.385882849,28.52061157,94.16753393,105.291295,65.98058035,45.97537126,34.75557551,21.37895538,7.821569041,0.521437936,0,0,0,0,0,0,0,11ŒŽ18“ú,2017
0,0,0,0,0,0,0,4.171503489,13.0359484,15.64313808,26.59333474,20.33607951,13.0359484,9.385882849,5.735817297,2.085751744,0,0,0,0,0,0,0,0,11ŒŽ19“ú,2017
0,0,0,0,0,0,0.521437936,3.650065553,7.821569041,15.12170015,14.07882427,12.51451047,11.47163459,16.68601395,9.385882849,10.42875872,2.085751744,0,0,0,0,0,0,0,11ŒŽ20“ú,2017
0,0,0,0,0,0,0,9.385882849,33.0844478,103.4517538,144.5944335,153.4081008,137.5280972,128.9984921,97.23140871,12.14716766,2.621198328,0,0,0,0,0,0,0,11ŒŽ21“ú,2017
0,0,0,0,0,0,0.521437936,12.02916931,37.89375688,96.31875241,44.2285225,19.81464157,36.29629512,32.16326126,23.9202964,3.650065553,1.042875872,0,0,0,0,0,0,0,11ŒŽ22“ú,2017
0,0,0,0,0,0,0.521437936,9.907320786,45.00789436,101.6779201,126.8168822,58.60774446,36.29914889,62.48858152,35.67803067,13.0359484,1.564313808,0,0,0,0,0,0,0,11ŒŽ23“ú,2017
0,0,0,0,0,0,0.521437936,14.23390433,50.08920841,92.32276642,140.8929313,157.5240115,143.707884,120.951633,91.3158457,13.66478597,2.616528779,0,0,0,0,0,0,0,11ŒŽ24“ú,2017
0,0,0,0,0,0,0.521437936,28.57242442,75.48870178,116.00053,141.2959546,150.1492811,137.2073045,125.099387,98.57038292,11.63039927,3.137966715,0,0,0,0,0,0,0,11ŒŽ25“ú,2017
0,0,0,0,0,0,0,4.171503489,22.30213526,40.81338457,37.33961771,24.507583,21.90039332,11.99307253,7.821569041,5.214379361,0.521437936,0,0,0,0,0,0,0,11ŒŽ26“ú,2017
0,0,0,0,0,0,0.521437936,1.564313808,4.692941425,8.343006977,16.68601395,19.81464157,11.99307253,10.42875872,4.692941425,1.564313808,1.564313808,0,0,0,0,0,0,0,11ŒŽ27“ú,2017
0,0,0,0,0,0,0,7.821569041,31.36645676,29.02647857,44.44611791,47.07466926,49.78343062,74.14963668,65.85249483,13.67879462,2.60718968,0,0,0,0,0,0,0,11ŒŽ28“ú,2017
0,0,0,0,0,0,0,5.214379361,24.40188101,55.87003338,46.97879622,17.20745189,20.85751744,13.55738634,46.82423231,6.778693169,0,0,0,0,0,0,0,0,11ŒŽ29“ú,2017
0,0,0,0,0,0,0,4.692941425,16.16457602,16.16457602,62.09105224,47.40880659,56.69265234,31.62848861,26.88603546,10.43809782,0.521437936,0,0,0,0,0,0,0,11ŒŽ30“ú,2017
0,0,0,0,0,0,0,3.650065553,13.55738634,9.385882849,26.59333474,27.11477268,23.98614506,16.68601395,9.907320786,5.735817297,1.564313808,0,0,0,0,0,0,0,12ŒŽ1“ú,2012
0,0,0,0,0,0,0,7.946157379,33.55248561,10.42875872,3.128627616,13.55738634,19.81464157,43.61316946,62.00471358,12.57054506,1.564313808,0,0,0,0,0,0,0,12ŒŽ2“ú,2012
0,0,0,0,0,0,0,2.60718968,9.385882849,20.33607951,22.42183125,5.735817297,10.95019666,51.97338522,21.84662951,3.650065553,1.564313808,0,0,0,0,0,0,0,12ŒŽ3“ú,2012
0,0,0,0,0,0,0,4.171503489,10.42875872,14.07882427,27.11477268,19.29320364,54.56967776,41.06921423,43.64221105,13.61809048,2.085751744,0,0,0,0,0,0,0,12ŒŽ4“ú,2012
0,0,0,0,0,0,0,6.257255233,52.93019621,104.1475186,127.9914639,166.4694804,105.5628114,86.5925484,20.33607951,5.735817297,0.521437936,0,0,0,0,0,0,0,12ŒŽ5“ú,2012
0,0,0,0,0,0,0,3.128627616,16.16457602,10.42875872,11.47163459,8.864444913,6.257255233,5.214379361,4.171503489,1.564313808,0,0,0,0,0,0,0,0,12ŒŽ6“ú,2012
0,0,0,0,0,0,0,9.39997164,66.60051999,52.95864281,50.54806985,89.23151803,132.7924273,109.8903749,103.1748002,13.16669578,3.128627616,0,0,0,0,0,0,0,12ŒŽ7“ú,2012
0,0,0,0,0,0,0,6.96776486,16.68601395,22.94326919,31.10900927,32.14606587,41.02567099,18.7717657,38.61192101,5.735817297,1.042875872,0,0,0,0,0,0,0,12ŒŽ8“ú,2012
0,0,0,0,0,0,0,1.042875872,4.171503489,16.16457602,101.7181312,58.10259341,51.73271808,95.79485776,41.75449733,14.13018932,2.60718968,0,0,0,0,0,0,0,12ŒŽ9“ú,2012
0,0,0,0,0,0,0,0,5.735817297,22.94326919,30.59084863,23.98614506,20.85751744,6.778693169,4.171503489,1.042875872,0,0,0,0,0,0,0,0,12ŒŽ10“ú,2012
0,0,0,0,0,0,0,2.085751744,5.214379361,56.69160014,11.99307253,16.68601395,25.77406861,56.75882942,38.14111615,11.99307253,1.564313808,0,0,0,0,0,0,0,12ŒŽ11“ú,2012
0,0,0,0,0,0,0,6.266594332,62.95393513,93.29895859,132.9811838,146.9762181,146.0679859,132.8214841,97.17046482,10.59219295,2.095090843,0,0,0,0,0,0,0,12ŒŽ12“ú,2012
0,0,0,0,0,0,0,1.042875872,4.692941425,13.55738634,18.7717657,13.55738634,3.650065553,5.735817297,4.692941425,1.042875872,0,0,0,0,0,0,0,0,12ŒŽ13“ú,2012
0,0,0,0,0,0,0,2.085751744,10.95019666,37.98655527,22.79010929,105.3700948,87.22079686,56.00303603,20.90159563,12.01642028,1.042875872,0,0,0,0,0,0,0,12ŒŽ14“ú,2012
0,0,0,0,0,0,0,6.257255233,8.864444913,16.16457602,21.90039332,75.91811603,70.68775915,18.7717657,25.65476347,4.692941425,0.521437936,0,0,0,0,0,0,0,12ŒŽ15“ú,2012
0,0,0,0,0,0,0,2.085751744,8.343006977,8.343006977,12.51451047,25.02902093,29.20052442,30.20023917,15.64313808,5.214379361,1.042875872,0,0,0,0,0,0,0,12ŒŽ16“ú,2012
0,0,0,0,0,0,0,4.692941425,5.735817297,7.300131105,30.07761663,22.42183125,5.214379361,17.20745189,13.0359484,3.650065553,0,0,0,0,0,0,0,0,12ŒŽ17“ú,2012
0,0,0,0,0,0,0,5.735817297,27.03902786,54.49576715,130.2811231,155.8795671,134.4152866,95.23937257,62.45742983,20.35008816,2.60718968,0,0,0,0,0,0,0,12ŒŽ18“ú,2012
0,0,0,0,0,0,0,2.60718968,21.86452885,64.57894681,82.31537655,105.0760313,146.9689771,42.34179008,28.69014524,15.22443023,1.564313808,0,0,0,0,0,0,0,12ŒŽ19“ú,2012
0,0,0,0,0,0,0,5.214379361,14.07882427,68.01289106,108.378814,55.10991136,87.88182993,65.20345333,58.1457271,11.99307253,1.564313808,0,0,0,0,0,0,0,12ŒŽ20“ú,2012
0,0,0,0,0,0,0,1.042875872,5.735817297,6.778693169,11.47163459,14.60026221,20.33607951,26.0718968,23.9952877,13.0359484,2.085751744,0,0,0,0,0,0,0,12ŒŽ21“ú,2012
0,0,0,0,0,0,0,2.085751744,13.55738634,27.12870264,41.67755341,100.4286351,58.41294343,53.42093282,23.99393085,12.00241163,4.171503489,0,0,0,0,0,0,0,12ŒŽ22“ú,2012
0,0,0,0,0,0,0,0.521437936,15.12170015,45.12774086,75.4693771,128.1221765,84.25508399,44.16223947,74.84328243,11.67242521,2.60718968,0,0,0,0,0,0,0,12ŒŽ23“ú,2012
0,0,0,0,0,0,0,8.385032921,51.15748683,10.95019666,41.15799315,25.21120867,65.3820231,29.67189489,69.53622478,11.11830043,2.616528779,0,0,0,0,0,0,0,12ŒŽ24“ú,2012
0,0,0,0,0,0,0,6.257255233,49.2087875,104.7145713,129.631016,147.2559335,101.0491735,74.59663042,25.55264631,10.95019666,1.564313808,0,0,0,0,0,0,0,12ŒŽ25“ú,2012
0,0,0,0,0,0,0,2.61185923,8.343006977,13.55738634,19.29320364,49.55185235,33.73361622,20.85751744,18.24983,13.59474273,2.61185923,0,0,0,0,0,0,0,12ŒŽ26“ú,2012
0,0,0,0,0,0,0,3.128627616,15.64313808,28.55277423,30.60096309,24.507583,50.13748565,50.61747174,16.68601395,1.564313808,0,0,0,0,0,0,0,0,12ŒŽ27“ú,2012
0,0,0,0,0,0,0,0.521437936,19.64896712,6.778693169,42.18569118,30.41673364,117.496206,28.56034451,74.34883339,14.71700094,2.60718968,0,0,0,0,0,0,0,12ŒŽ28“ú,2012
0,0,0,0,0,0,0,6.783362718,68.34058942,104.6098268,135.3985643,152.4787678,154.4035025,125.9999864,107.2081925,10.12212005,3.133297166,0,0,0,0,0,0,0,12ŒŽ29“ú,2012
0,0,0,0,0,0,0,0.521437936,6.778693169,22.94326919,24.507583,31.79778789,37.34100808,50.43813201,19.29320364,17.23546919,2.085751744,0,0,0,0,0,0,0,12ŒŽ30“ú,2012
0,0,0,0,0,0,0,4.692941425,9.907320786,11.99307253,7.821569041,11.99307253,50.71711695,25.55045887,15.64313808,6.778693169,2.085751744,0,0,0,0,0,0,0,12ŒŽ31“ú,2012
0,0,0,0,1.564313808,16.33531248,42.01626528,84.371133,123.0381939,156.2824524,178.7501117,195.0827385,193.5753578,183.2598275,150.989067,129.479718,70.78940857,31.78627233,12.54252776,1.564313808,0,0,0,0,,
,,,,,,,,,,,Max,197.7274653,,,,,,,,,,,,,
,,,,,,,,,,,•ûŠp,“ìŒü‚«,,,,,,,,,,,,,
,,,,,,,,,,,ŒXŽÎŠp,30,,,,,,,,,,,,,
,,,,,,,,,,,•½‹ÏŒŽ,,,,,,,,,,,,,,
